id,timestamp,time
1,73470775853449216,1800001
2,73471204831395840,45000322
3,73473585831542784,87120314
4,73478168536940544,84060363
5,73482593539522560,42118655
6,73502982942425088,4860005
7,73503290032062464,8820139
8,73503750996557824,28044815
9,73505241999474688,35827935
10,73529805679099904,9180568
11,73530316253298688,642634
12,73530368264765440,180001
13,73547863194206208,180001
14,73547901314138112,1980003
15,73548033328873472,180001
16,73548054931701760,8269166
17,73548500108771328,2792352
18,73549998630699008,12061098
19,73550647923703808,83892885
20,73555072234553344,87134827
21,73559654000099328,49145796
22,73566065407426560,6669330
23,73579659638669312,5989623
24,73579991486300160,42131777
25,73582213764808704,3060006
26,73582391385784320,84082035
27,73586815729532928,86956661
28,73591397163401216,84079625
29,73595821961904128,34388808
30,73597640377696256,21622453
31,73598827958501376,7560046
32,73599246717091840,21061313
33,73600368225157120,41588718
34,73602562900492288,18367980
35,73603592432779264,20696487
36,73604704613105664,51273789
37,73611450893860864,180001
38,73611478377496576,0
